rank,file,t_sec,score,U,A,D,n_boxes,n_ambiguous,empty,selected
1,frame_0074.jpg,29.6,0.7162,0.5182,0.8571,1.0,6,6,False,True
2,frame_0289.jpg,115.6,0.7095,0.8579,0.4286,0.76,3,3,False,True
3,frame_0070.jpg,28.0,0.6938,0.6447,0.5714,1.0,4,4,False,False
4,frame_0376.jpg,150.4,0.6733,0.7683,0.8571,0.16,6,6,False,True
5,frame_0130.jpg,52.0,0.6071,0.5891,0.4286,0.92,3,3,False,True
6,frame_0073.jpg,29.2,0.6066,0.4703,0.5714,1.0,5,4,False,False
7,frame_0122.jpg,48.8,0.6059,0.6289,0.5714,0.6,4,4,False,True
8,frame_0000.jpg,0.0,0.6029,0.463,0.5714,1.0,5,4,False,True
9,frame_0291.jpg,116.4,0.5896,0.5003,0.5714,0.84,6,4,False,False
10,frame_0387.jpg,154.8,0.5893,0.4986,1.0,0.2,9,7,False,True
11,frame_0079.jpg,31.6,0.584,0.5052,0.5714,0.8,5,4,False,True
12,frame_0129.jpg,51.6,0.5648,0.5204,0.4286,0.88,5,3,False,False
13,frame_0024.jpg,9.6,0.5577,0.6296,0.1429,1.0,1,1,False,True
14,frame_0072.jpg,28.8,0.5553,0.5391,0.2857,1.0,5,2,False,False
15,frame_0276.jpg,110.4,0.5518,0.5791,0.7143,0.24,6,5,False,True
16,frame_0076.jpg,30.4,0.5503,0.4754,0.4286,0.92,4,3,False,False
17,frame_0069.jpg,27.6,0.5498,0.4424,0.4286,1.0,4,3,False,True
18,frame_0008.jpg,3.2,0.5493,0.4415,0.4286,1.0,3,3,False,True
19,frame_0210.jpg,84.0,0.5469,0.6503,0.2857,0.68,2,2,False,False
20,frame_0071.jpg,28.4,0.5432,0.4293,0.4286,1.0,5,3,False,False
21,frame_0077.jpg,30.8,0.5426,0.476,0.4286,0.88,6,3,False,False
22,frame_0377.jpg,150.8,0.5411,0.6056,0.7143,0.12,6,5,False,False
23,frame_0286.jpg,114.4,0.5352,0.5572,0.4286,0.64,4,3,False,False
24,frame_0285.jpg,114.0,0.5335,0.5699,0.4286,0.6,4,3,False,False
25,frame_0384.jpg,153.6,0.532,0.5714,0.7143,0.16,6,5,False,False
26,frame_0375.jpg,150.0,0.5312,0.6396,0.5714,0.2,7,4,False,False
27,frame_0015.jpg,6.0,0.5294,0.4874,0.2857,1.0,3,2,False,False
28,frame_0330.jpg,132.0,0.5251,0.6056,0.7143,0.04,7,5,False,False
29,frame_0290.jpg,116.0,0.5184,0.4596,0.4286,0.8,4,3,False,False
30,frame_0298.jpg,119.2,0.5169,0.4669,0.5714,0.56,7,4,False,False
31,frame_0112.jpg,44.8,0.5132,0.6892,0.4286,0.2,3,3,False,False
32,frame_0175.jpg,70.0,0.5105,0.5662,0.5714,0.28,4,4,False,False
33,frame_0031.jpg,12.4,0.5026,0.3481,0.4286,1.0,6,3,False,False
34,frame_0127.jpg,50.8,0.5007,0.3386,0.5714,0.8,5,4,False,False
35,frame_0029.jpg,11.6,0.4996,0.4277,0.2857,1.0,4,2,False,False
36,frame_0297.jpg,118.8,0.4981,0.4991,0.4286,0.6,5,3,False,False
37,frame_0023.jpg,9.2,0.4972,0.5086,0.1429,1.0,1,1,False,False
38,frame_0007.jpg,2.8,0.4924,0.3276,0.4286,1.0,4,3,False,False
39,frame_0030.jpg,12.0,0.4883,0.4051,0.2857,1.0,7,2,False,False
40,frame_0025.jpg,10.0,0.4871,0.4884,0.1429,1.0,1,1,False,False
41,frame_0067.jpg,26.8,0.4868,0.3164,0.4286,1.0,6,3,False,False
42,frame_0002.jpg,0.8,0.4867,0.3162,0.4286,1.0,5,3,False,False
43,frame_0294.jpg,117.6,0.4844,0.4236,0.4286,0.72,5,3,False,False
44,frame_0287.jpg,114.8,0.4814,0.4337,0.4286,0.68,5,3,False,False
45,frame_0292.jpg,116.8,0.4793,0.3814,0.4286,0.8,5,3,False,False
46,frame_0386.jpg,154.4,0.4785,0.4324,0.7143,0.24,6,5,False,False
47,frame_0397.jpg,158.8,0.4785,0.5342,0.5714,0.2,6,4,False,False
48,frame_0020.jpg,8.0,0.4763,0.3811,0.2857,1.0,3,2,False,False
49,frame_0299.jpg,119.6,0.4732,0.3956,0.5714,0.52,5,4,False,False
50,frame_0373.jpg,149.2,0.4716,0.5364,0.5714,0.16,8,4,False,False
51,frame_0010.jpg,4.0,0.4704,0.455,0.1429,1.0,1,1,False,False
52,frame_0394.jpg,157.6,0.4704,0.6517,0.4286,0.08,3,3,False,False
53,frame_0211.jpg,84.4,0.4701,0.5127,0.2857,0.64,2,2,False,False
54,frame_0317.jpg,126.8,0.4696,0.5164,0.5714,0.2,5,4,False,False
55,frame_0095.jpg,38.0,0.4682,0.4438,0.7143,0.16,5,5,False,False
56,frame_0075.jpg,30.0,0.4661,0.3767,0.2857,0.96,6,2,False,False
57,frame_0288.jpg,115.2,0.4656,0.4717,0.2857,0.72,4,2,False,False
58,frame_0332.jpg,132.8,0.4651,0.5714,0.5714,0.04,5,4,False,False
59,frame_0186.jpg,74.4,0.4645,0.4844,0.7143,0.04,7,5,False,False
60,frame_0005.jpg,2.0,0.4643,0.3572,0.2857,1.0,4,2,False,False
61,frame_0168.jpg,67.2,0.4631,0.5307,0.2857,0.56,4,2,False,False
62,frame_0126.jpg,50.4,0.4623,0.4491,0.2857,0.76,6,2,False,False
63,frame_0082.jpg,32.8,0.4599,0.562,0.1429,0.68,1,1,False,False
64,frame_0216.jpg,86.4,0.4597,0.5719,0.2857,0.44,2,2,False,False
65,frame_0131.jpg,52.4,0.4589,0.3623,0.2857,0.96,3,2,False,False
66,frame_0329.jpg,131.6,0.4568,0.6244,0.4286,0.08,7,3,False,False
67,frame_0169.jpg,67.6,0.4554,0.4456,0.4286,0.52,6,3,False,False
68,frame_0318.jpg,127.2,0.4554,0.472,0.5714,0.24,7,4,False,False
69,frame_0224.jpg,89.6,0.4519,0.6844,0.2857,0.12,3,2,False,False
70,frame_0089.jpg,35.6,0.4508,0.3988,0.5714,0.4,4,4,False,False
71,frame_0284.jpg,113.6,0.4498,0.5042,0.2857,0.56,5,2,False,False
72,frame_0328.jpg,131.2,0.4495,0.4384,0.7143,0.08,8,5,False,False
73,frame_0277.jpg,110.8,0.4493,0.4438,0.5714,0.28,5,4,False,False
74,frame_0001.jpg,0.4,0.4462,0.4066,0.1429,1.0,6,1,False,False
75,frame_0078.jpg,31.2,0.4433,0.3791,0.2857,0.84,4,2,False,False
76,frame_0028.jpg,11.2,0.4426,0.3137,0.2857,1.0,3,2,False,False
77,frame_0293.jpg,117.2,0.4415,0.4075,0.2857,0.76,4,2,False,False
78,frame_0033.jpg,13.2,0.4412,0.3109,0.2857,1.0,6,2,False,False
79,frame_0306.jpg,122.4,0.441,0.4431,0.5714,0.24,6,4,False,False
80,frame_0068.jpg,27.2,0.4409,0.3104,0.2857,1.0,3,2,False,False
81,frame_0125.jpg,50.0,0.4408,0.4222,0.2857,0.72,5,2,False,False
82,frame_0170.jpg,68.0,0.4407,0.3465,0.5714,0.48,5,4,False,False
83,frame_0027.jpg,10.8,0.4399,0.3941,0.1429,1.0,3,1,False,False
84,frame_0327.jpg,130.8,0.4351,0.5114,0.5714,0.04,6,4,False,False
85,frame_0230.jpg,92.0,0.4321,0.559,0.4286,0.12,7,3,False,False
86,frame_0296.jpg,118.4,0.4282,0.4289,0.2857,0.64,5,2,False,False
87,frame_0278.jpg,111.2,0.4268,0.3827,0.5714,0.32,6,4,False,False
88,frame_0198.jpg,79.2,0.4249,0.588,0.1429,0.44,1,1,False,False
89,frame_0167.jpg,66.8,0.4248,0.4381,0.2857,0.6,4,2,False,False
90,frame_0295.jpg,118.0,0.422,0.4006,0.2857,0.68,5,2,False,False
91,frame_0133.jpg,53.2,0.4199,0.2684,0.2857,1.0,4,2,False,False
92,frame_0124.jpg,49.6,0.4185,0.3936,0.2857,0.68,6,2,False,False
93,frame_0012.jpg,4.8,0.4182,0.3506,0.1429,1.0,2,1,False,False
94,frame_0184.jpg,73.6,0.4172,0.4596,0.5714,0.08,5,4,False,False
95,frame_0367.jpg,146.8,0.4152,0.4555,0.5714,0.08,8,4,False,False
96,frame_0096.jpg,38.4,0.4151,0.5251,0.4286,0.12,5,3,False,False
97,frame_0090.jpg,36.0,0.4147,0.4282,0.4286,0.36,4,3,False,False
98,frame_0233.jpg,93.2,0.4135,0.4739,0.4286,0.24,5,3,False,False
99,frame_0128.jpg,51.2,0.413,0.4042,0.1429,0.84,4,1,False,False
100,frame_0173.jpg,69.2,0.4128,0.4244,0.4286,0.36,5,3,False,False
101,frame_0021.jpg,8.4,0.4124,0.2534,0.2857,1.0,6,2,False,False
102,frame_0208.jpg,83.2,0.4122,0.4346,0.1429,0.76,2,1,False,False
103,frame_0006.jpg,2.4,0.4092,0.3327,0.1429,1.0,2,1,False,False
104,frame_0307.jpg,122.8,0.4073,0.3918,0.5714,0.2,7,4,False,False
105,frame_0019.jpg,7.6,0.4071,0.3284,0.1429,1.0,2,1,False,False
106,frame_0018.jpg,7.2,0.4069,0.3281,0.1429,1.0,4,1,False,False
107,frame_0280.jpg,112.0,0.4067,0.4819,0.2857,0.4,4,2,False,False
108,frame_0003.jpg,1.2,0.403,0.2346,0.2857,1.0,5,2,False,False
109,frame_0017.jpg,6.8,0.4028,0.3198,0.1429,1.0,3,1,False,False
110,frame_0183.jpg,73.2,0.4018,0.5304,0.4286,0.04,4,3,False,False
111,frame_0281.jpg,112.4,0.3974,0.4474,0.2857,0.44,4,2,False,False
112,frame_0374.jpg,149.6,0.3964,0.4556,0.4286,0.2,7,3,False,False
113,frame_0209.jpg,83.6,0.3959,0.418,0.1429,0.72,2,1,False,False
114,frame_0014.jpg,5.6,0.3957,0.3056,0.1429,1.0,3,1,False,False
115,frame_0116.jpg,46.4,0.3951,0.389,0.4286,0.36,5,3,False,False
116,frame_0274.jpg,109.6,0.3948,0.4685,0.4286,0.16,5,3,False,False
117,frame_0011.jpg,4.4,0.3946,0.3035,0.1429,1.0,3,1,False,False
118,frame_0282.jpg,112.8,0.3929,0.5081,0.1429,0.48,2,1,False,False
119,frame_0398.jpg,159.2,0.3914,0.4296,0.4286,0.24,6,3,False,False
120,frame_0121.jpg,48.4,0.3909,0.3863,0.2857,0.56,4,2,False,False
121,frame_0013.jpg,5.2,0.3885,0.2913,0.1429,1.0,3,1,False,False
122,frame_0117.jpg,46.8,0.3863,0.4412,0.2857,0.4,4,2,False,False
123,frame_0123.jpg,49.2,0.385,0.4282,0.1429,0.64,4,1,False,False
124,frame_0368.jpg,147.2,0.3819,0.405,0.5714,0.04,8,4,False,False
125,frame_0088.jpg,35.2,0.3813,0.4152,0.2857,0.44,3,2,False,False
126,frame_0004.jpg,1.6,0.381,0.2762,0.1429,1.0,5,1,False,False
127,frame_0300.jpg,120.0,0.3782,0.393,0.2857,0.48,4,2,False,False
128,frame_0275.jpg,110.0,0.3766,0.416,0.4286,0.2,4,3,False,False
129,frame_0218.jpg,87.2,0.3739,0.4324,0.2857,0.36,2,2,False,False
130,frame_0032.jpg,12.8,0.372,0.344,0.0,1.0,4,0,False,False
131,frame_0203.jpg,81.2,0.3708,0.3142,0.2857,0.64,3,2,False,False
132,frame_0283.jpg,113.2,0.3708,0.3621,0.2857,0.52,4,2,False,False
133,frame_0379.jpg,151.6,0.3702,0.3815,0.5714,0.04,8,4,False,False
134,frame_0220.jpg,88.0,0.3681,0.4527,0.2857,0.28,2,2,False,False
135,frame_0396.jpg,158.4,0.3677,0.4143,0.4286,0.16,6,3,False,False
136,frame_0189.jpg,75.6,0.3676,0.5317,0.2857,0.08,3,2,False,False
137,frame_0371.jpg,148.4,0.3676,0.446,0.4286,0.08,6,3,False,False
138,frame_0194.jpg,77.6,0.3662,0.3632,0.4286,0.28,3,3,False,False
139,frame_0385.jpg,154.0,0.3657,0.3942,0.4286,0.2,5,3,False,False
140,frame_0389.jpg,155.6,0.3626,0.4201,0.4286,0.12,5,3,False,False
141,frame_0108.jpg,43.2,0.3623,0.5371,0.2857,0.04,4,2,False,False
142,frame_0080.jpg,32.0,0.3619,0.2483,0.2857,0.76,5,2,False,False
143,frame_0016.jpg,6.4,0.3609,0.2361,0.1429,1.0,5,1,False,False
144,frame_0315.jpg,126.0,0.36,0.5005,0.2857,0.12,4,2,False,False
145,frame_0333.jpg,133.2,0.3592,0.4293,0.4286,0.08,6,3,False,False
146,frame_0174.jpg,69.6,0.3589,0.4184,0.2857,0.32,3,2,False,False
147,frame_0132.jpg,52.8,0.3554,0.2251,0.1429,1.0,5,1,False,False
148,frame_0320.jpg,128.0,0.3538,0.4401,0.2857,0.24,6,2,False,False
149,frame_0081.jpg,32.4,0.3481,0.3224,0.1429,0.72,2,1,False,False
150,frame_0388.jpg,155.2,0.348,0.3748,0.4286,0.16,7,3,False,False
151,frame_0178.jpg,71.2,0.3415,0.4475,0.2857,0.16,4,2,False,False
152,frame_0087.jpg,34.8,0.3403,0.4029,0.1429,0.48,3,1,False,False
153,frame_0382.jpg,152.8,0.3387,0.3883,0.4286,0.08,4,3,False,False
154,frame_0084.jpg,33.6,0.3372,0.3486,0.1429,0.6,2,1,False,False
155,frame_0308.jpg,123.2,0.3363,0.3515,0.4286,0.16,5,3,False,False
156,frame_0092.jpg,36.8,0.3327,0.4676,0.1429,0.28,1,1,False,False
157,frame_0185.jpg,74.0,0.3319,0.4603,0.2857,0.08,4,2,False,False
158,frame_0171.jpg,68.4,0.3307,0.3139,0.2857,0.44,3,2,False,False
159,frame_0232.jpg,92.8,0.33,0.4086,0.2857,0.2,4,2,False,False
160,frame_0213.jpg,85.2,0.3294,0.3491,0.1429,0.56,2,1,False,False
161,frame_0269.jpg,107.6,0.3288,0.4702,0.2857,0.04,4,2,False,False
162,frame_0217.jpg,86.8,0.3283,0.4108,0.1429,0.4,1,1,False,False
163,frame_0303.jpg,121.2,0.3237,0.3319,0.2857,0.36,4,2,False,False
164,frame_0009.jpg,3.6,0.3234,0.2468,0.0,1.0,2,0,False,False
165,frame_0225.jpg,90.0,0.3229,0.3566,0.4286,0.08,5,3,False,False
166,frame_0228.jpg,91.2,0.3226,0.372,0.4286,0.04,4,3,False,False
167,frame_0223.jpg,89.2,0.319,0.4026,0.2857,0.16,6,2,False,False
168,frame_0279.jpg,111.6,0.319,0.4082,0.1429,0.36,5,1,False,False
169,frame_0115.jpg,46.0,0.3165,0.3336,0.2857,0.32,4,2,False,False
170,frame_0316.jpg,126.4,0.3134,0.3913,0.2857,0.16,6,2,False,False
171,frame_0120.jpg,48.0,0.3133,0.2471,0.2857,0.52,4,2,False,False
172,frame_0304.jpg,121.6,0.3126,0.4115,0.1429,0.32,5,1,False,False
173,frame_0301.jpg,120.4,0.3098,0.2722,0.2857,0.44,5,2,False,False
174,frame_0022.jpg,8.8,0.3086,0.2173,0.0,1.0,2,0,False,False
175,frame_0390.jpg,156.0,0.3077,0.3262,0.4286,0.08,6,3,False,False
176,frame_0026.jpg,10.4,0.3044,0.2088,0.0,1.0,3,0,False,False
177,frame_0085.jpg,34.0,0.3029,0.2961,0.1429,0.56,3,1,False,False
178,frame_0395.jpg,158.0,0.3017,0.2982,0.4286,0.12,5,3,False,False
179,frame_0191.jpg,76.4,0.2967,0.3579,0.2857,0.16,3,2,False,False
180,frame_0206.jpg,82.4,0.2967,0.2894,0.0,0.76,1,0,False,False
181,frame_0273.jpg,109.2,0.2952,0.3709,0.2857,0.12,3,2,False,False
182,frame_0104.jpg,41.6,0.2922,0.3649,0.2857,0.12,3,2,False,False
183,frame_0177.jpg,70.8,0.2913,0.3311,0.2857,0.2,5,2,False,False
184,frame_0103.jpg,41.2,0.2905,0.3456,0.2857,0.16,4,2,False,False
185,frame_0176.jpg,70.4,0.2895,0.3115,0.2857,0.24,7,2,False,False
186,frame_0111.jpg,44.4,0.289,0.3425,0.2857,0.16,4,2,False,False
187,frame_0113.jpg,45.2,0.2889,0.3104,0.2857,0.24,5,2,False,False
188,frame_0091.jpg,36.4,0.2852,0.3567,0.1429,0.32,2,1,False,False
189,frame_0202.jpg,80.8,0.285,0.2443,0.1429,0.6,4,1,False,False
190,frame_0172.jpg,68.8,0.2842,0.3227,0.1429,0.4,4,1,False,False
191,frame_0321.jpg,128.4,0.2839,0.3163,0.2857,0.2,5,2,False,False
192,frame_0105.jpg,42.0,0.2829,0.2767,0.4286,0.08,6,3,False,False
193,frame_0114.jpg,45.6,0.2808,0.2781,0.2857,0.28,7,2,False,False
194,frame_0370.jpg,148.0,0.2803,0.3731,0.2857,0.04,5,2,False,False
195,frame_0383.jpg,153.2,0.2802,0.4266,0.1429,0.12,6,1,False,False
196,frame_0195.jpg,78.0,0.2791,0.2588,0.2857,0.32,4,2,False,False
197,frame_0322.jpg,128.8,0.2784,0.3213,0.2857,0.16,5,2,False,False
198,frame_0101.jpg,40.4,0.2779,0.3524,0.2857,0.08,3,2,False,False
199,frame_0214.jpg,85.6,0.2779,0.2621,0.1429,0.52,2,1,False,False
200,frame_0097.jpg,38.8,0.2774,0.3513,0.2857,0.08,4,2,False,False
201,frame_0205.jpg,82.0,0.2774,0.2669,0.0,0.72,2,0,False,False
202,frame_0309.jpg,123.6,0.2762,0.3329,0.2857,0.12,5,2,False,False
203,frame_0231.jpg,92.4,0.2759,0.3163,0.2857,0.16,8,2,False,False
204,frame_0314.jpg,125.6,0.271,0.3385,0.2857,0.08,3,2,False,False
205,frame_0272.jpg,108.8,0.2692,0.335,0.2857,0.08,3,2,False,False
206,frame_0201.jpg,80.4,0.2679,0.2261,0.1429,0.56,3,1,False,False
207,frame_0305.jpg,122.0,0.2652,0.3326,0.1429,0.28,4,1,False,False
208,frame_0094.jpg,37.6,0.2633,0.3609,0.1429,0.2,4,1,False,False
209,frame_0098.jpg,39.2,0.262,0.3366,0.2857,0.04,4,2,False,False
210,frame_0229.jpg,91.6,0.2614,0.3193,0.2857,0.08,8,2,False,False
211,frame_0381.jpg,152.4,0.2606,0.3338,0.2857,0.04,4,2,False,False
212,frame_0204.jpg,81.6,0.2599,0.2478,0.0,0.68,1,0,False,False
213,frame_0106.jpg,42.4,0.258,0.4143,0.1429,0.04,5,1,False,False
214,frame_0188.jpg,75.2,0.258,0.3285,0.2857,0.04,5,2,False,False
215,frame_0378.jpg,151.2,0.253,0.3025,0.2857,0.08,6,2,False,False
216,frame_0302.jpg,120.8,0.2525,0.2592,0.1429,0.4,5,1,False,False
217,frame_0083.jpg,33.2,0.251,0.2459,0.0,0.64,2,0,False,False
218,frame_0207.jpg,82.8,0.25,0.18,0.0,0.8,1,0,False,False
219,frame_0313.jpg,125.2,0.2483,0.3948,0.1429,0.04,3,1,False,False
220,frame_0118.jpg,47.2,0.2438,0.2259,0.1429,0.44,3,1,False,False
221,frame_0372.jpg,148.8,0.24,0.3463,0.1429,0.12,4,1,False,False
222,frame_0190.jpg,76.0,0.2336,0.3334,0.1429,0.12,4,1,False,False
223,frame_0193.jpg,77.2,0.231,0.2802,0.1429,0.24,4,1,False,False
224,frame_0226.jpg,90.4,0.2283,0.3549,0.1429,0.04,3,1,False,False
225,frame_0192.jpg,76.8,0.2277,0.2896,0.1429,0.2,4,1,False,False
226,frame_0222.jpg,88.8,0.2265,0.2872,0.1429,0.2,4,1,False,False
227,frame_0399.jpg,159.6,0.2257,0.3394,0.0,0.28,5,0,False,False
228,frame_0219.jpg,87.6,0.2243,0.2349,0.1429,0.32,4,1,False,False
229,frame_0212.jpg,84.8,0.2196,0.1992,0.0,0.6,2,0,False,False
230,frame_0319.jpg,127.6,0.2174,0.237,0.1429,0.28,6,1,False,False
231,frame_0102.jpg,40.8,0.2154,0.2971,0.1429,0.12,3,1,False,False
232,frame_0179.jpg,71.6,0.2154,0.2971,0.1429,0.12,3,1,False,False
233,frame_0391.jpg,156.4,0.2124,0.2374,0.2857,0.04,5,2,False,False
234,frame_0199.jpg,79.6,0.204,0.216,0.0,0.48,1,0,False,False
235,frame_0197.jpg,78.8,0.2019,0.2438,0.0,0.4,1,0,False,False
236,frame_0100.jpg,40.0,0.1958,0.2899,0.1429,0.04,4,1,False,False
237,frame_0215.jpg,86.0,0.1956,0.1991,0.0,0.48,3,0,False,False
238,frame_0200.jpg,80.0,0.1953,0.1826,0.0,0.52,2,0,False,False
239,frame_0221.jpg,88.4,0.1947,0.2076,0.1429,0.24,4,1,False,False
240,frame_0110.jpg,44.0,0.1943,0.2549,0.1429,0.12,3,1,False,False
241,frame_0393.jpg,157.2,0.1892,0.2767,0.1429,0.04,4,1,False,False
242,frame_0086.jpg,34.4,0.188,0.168,0.0,0.52,4,0,False,False
243,frame_0267.jpg,106.8,0.1875,0.2413,0.1429,0.12,4,1,False,False
244,frame_0109.jpg,43.6,0.1836,0.2495,0.1429,0.08,6,1,False,False
245,frame_0093.jpg,37.2,0.1831,0.2702,0.0,0.24,1,0,False,False
246,frame_0271.jpg,108.4,0.1816,0.2614,0.1429,0.04,5,1,False,False
247,frame_0268.jpg,107.2,0.179,0.2402,0.1429,0.08,5,1,False,False
248,frame_0323.jpg,129.2,0.1712,0.2087,0.1429,0.12,4,1,False,False
249,frame_0180.jpg,72.0,0.1695,0.2212,0.1429,0.08,4,1,False,False
250,frame_0325.jpg,130.0,0.1688,0.2359,0.1429,0.04,3,1,False,False
251,frame_0181.jpg,72.4,0.1553,0.2089,0.1429,0.04,5,1,False,False
252,frame_0196.jpg,78.4,0.152,0.1601,0.0,0.36,3,0,False,False
253,frame_0119.jpg,47.6,0.1517,0.1113,0.0,0.48,3,0,False,False
254,frame_0310.jpg,124.0,0.1227,0.2135,0.0,0.08,3,0,False,False
255,frame_0311.jpg,124.4,0.1205,0.225,0.0,0.04,4,0,False,False
256,frame_0324.jpg,129.6,0.0916,0.1513,0.0,0.08,3,0,False,False
